product_id,product_name,category,subcategory,brand,price,description,style_tags,color,sizes_available,rating,review_count,created_at,is_new_arrival
PROD-1000,VerdantCo Graphic Tee - Olive,Tops,Graphic Tee,VerdantCo,209.47,A trendy graphic tee by VerdantCo. Perfect for weekend getaways.,"[""athleisure"", ""streetwear""]",Olive,"[""XS"", ""XXL"", ""S""]",4.8,243,2026-02-24 01:00:38,False
PROD-1001,PrismLine Beanie - Sand,Accessories,Beanie,PrismLine,97.88,A classic beanie by PrismLine. Perfect for weekend getaways.,"[""preppy"", ""eco-friendly""]",Sand,"[""M"", ""S"", ""XL"", ""L"", ""XS""]",4.7,99,2025-08-13 04:42:59,True
PROD-1002,VerdantCo Running Tank - Black,Activewear,Running Tank,VerdantCo,42.05,A eco-friendly running tank by VerdantCo. Perfect for active lifestyles.,"[""preppy"", ""retro"", ""streetwear"", ""edgy""]",Black,"[""XXL"", ""XS"", ""XL"", ""M""]",3.6,238,2025-03-25 13:09:54,False
PROD-1003,SoleCraft Leather Belt - Burgundy,Accessories,Leather Belt,SoleCraft,123.64,A versatile leather belt by SoleCraft. Perfect for everyday wear.,"[""luxury"", ""classic"", ""athleisure""]",Burgundy,"[""XL"", ""S"", ""XXL"", ""L""]",3.4,393,2025-02-23 08:23:03,False
PROD-1004,IronLoom Beanie - Black,Accessories,Beanie,IronLoom,132.32,A eco-friendly beanie by IronLoom. Perfect for active lifestyles.,"[""casual"", ""classic""]",Black,"[""XXL"", ""L"", ""XL"", ""M""]",3.1,474,2024-08-09 22:38:20,False
PROD-1005,PrismLine Beanie - Teal,Accessories,Beanie,PrismLine,271.38,A classic beanie by PrismLine. Perfect for special occasions.,"[""resort"", ""eco-friendly"", ""edgy""]",Teal,"[""XS"", ""XXL"", ""XL"", ""L"", ""M"", ""S""]",3.8,615,2024-04-08 16:29:04,False
PROD-1006,VerdantCo Cover-Up - Teal,Swimwear,Cover-Up,VerdantCo,210.87,A versatile cover-up by VerdantCo. Perfect for active lifestyles.,"[""luxury"", ""streetwear""]",Teal,"[""M"", ""L"", ""S""]",4.1,469,2024-01-06 00:59:38,False
PROD-1007,PeakForm Fleece Hoodie - Teal,Outerwear,Fleece Hoodie,PeakForm,255.66,A classic fleece hoodie by PeakForm. Perfect for special occasions.,"[""luxury"", ""boho""]",Teal,"[""S"", ""XL"", ""XS"", ""M"", ""XXL""]",4.0,505,2024-01-31 06:08:44,True
PROD-1008,NovaStitch Track Jacket - Black,Activewear,Track Jacket,NovaStitch,43.97,A trendy track jacket by NovaStitch. Perfect for special occasions.,"[""eco-friendly"", ""streetwear""]",Black,"[""XXL"", ""L"", ""S"", ""XL""]",4.0,545,2025-10-19 07:43:32,False
PROD-1009,VerdantCo Beanie - Sand,Accessories,Beanie,VerdantCo,146.41,A trendy beanie by VerdantCo. Perfect for active lifestyles.,"[""luxury"", ""classic"", ""preppy"", ""retro""]",Sand,"[""XL"", ""XXL"", ""S""]",3.5,607,2024-12-08 02:17:57,True
PROD-1010,CoastalThreads Bootcut Jeans - Black,Denim,Bootcut Jeans,CoastalThreads,97.96,A eco-friendly bootcut jeans by CoastalThreads. Perfect for special occasions.,"[""streetwear"", ""retro"", ""minimalist""]",Black,"[""S"", ""L"", ""XL"", ""XS"", ""M"", ""XXL""]",4.0,679,2025-10-31 14:45:10,False
PROD-1011,UrbanEdge Shirt Dress - White,Dresses,Shirt Dress,UrbanEdge,244.16,A classic shirt dress by UrbanEdge. Perfect for special occasions.,"[""edgy"", ""classic""]",White,"[""S"", ""L"", ""XXL"", ""XL"", ""M"", ""XS""]",3.2,82,2025-11-19 09:06:41,False
PROD-1012,PrismLine Graphic Tee - Black,Tops,Graphic Tee,PrismLine,133.79,A premium graphic tee by PrismLine. Perfect for everyday wear.,"[""minimalist"", ""athleisure""]",Black,"[""L"", ""XS"", ""XXL"", ""S""]",4.0,470,2025-03-19 02:51:43,False
PROD-1013,NovaStitch One-Piece Swimsuit - Burgundy,Swimwear,One-Piece Swimsuit,NovaStitch,226.0,A versatile one-piece swimsuit by NovaStitch. Perfect for everyday wear.,"[""casual"", ""eco-friendly""]",Burgundy,"[""XL"", ""L"", ""S""]",3.1,63,2026-02-27 21:13:07,True
PROD-1014,TerraKnit Running Sneakers - White,Shoes,Running Sneakers,TerraKnit,182.09,A trendy running sneakers by TerraKnit. Perfect for weekend getaways.,"[""minimalist"", ""edgy"", ""streetwear"", ""resort""]",White,"[""M"", ""S"", ""XXL"", ""XS"", ""XL""]",3.1,410,2024-07-22 07:29:45,False
PROD-1015,IronLoom Windbreaker - White,Outerwear,Windbreaker,IronLoom,299.56,A trendy windbreaker by IronLoom. Perfect for special occasions.,"[""preppy"", ""eco-friendly""]",White,"[""S"", ""M"", ""XS"", ""L"", ""XXL""]",5.0,296,2024-09-02 01:13:41,False
PROD-1016,PrismLine Fleece Hoodie - Black,Outerwear,Fleece Hoodie,PrismLine,94.04,A eco-friendly fleece hoodie by PrismLine. Perfect for special occasions.,"[""retro"", ""boho"", ""streetwear"", ""athleisure""]",Black,"[""M"", ""XL"", ""S"", ""XXL"", ""L""]",4.8,213,2025-02-14 02:01:59,False
PROD-1017,CoastalThreads Puffer Jacket - Sand,Outerwear,Puffer Jacket,CoastalThreads,235.9,A versatile puffer jacket by CoastalThreads. Perfect for special occasions.,"[""casual"", ""resort"", ""classic""]",Sand,"[""XL"", ""L"", ""XS"", ""XXL"", ""M"", ""S""]",4.3,563,2024-02-25 23:13:34,False
PROD-1018,PeakForm Sandals - Black,Shoes,Sandals,PeakForm,78.81,A trendy sandals by PeakForm. Perfect for active lifestyles.,"[""classic"", ""casual"", ""resort""]",Black,"[""XL"", ""S"", ""XXL"", ""XS"", ""M"", ""L""]",3.5,30,2024-10-05 15:03:00,False
PROD-1019,NovaStitch Compression Shorts - Burgundy,Activewear,Compression Shorts,NovaStitch,127.1,A premium compression shorts by NovaStitch. Perfect for special occasions.,"[""resort"", ""streetwear""]",Burgundy,"[""L"", ""M"", ""XL"", ""XS""]",3.1,233,2024-02-06 18:16:26,False
PROD-1020,VerdantCo Wrap Dress - White,Dresses,Wrap Dress,VerdantCo,131.9,A eco-friendly wrap dress by VerdantCo. Perfect for active lifestyles.,"[""classic"", ""luxury"", ""retro""]",White,"[""XS"", ""M"", ""S""]",5.0,599,2025-02-16 09:18:12,True
PROD-1021,IronLoom Wrap Dress - Sand,Dresses,Wrap Dress,IronLoom,91.31,A trendy wrap dress by IronLoom. Perfect for special occasions.,"[""retro"", ""streetwear"", ""edgy"", ""minimalist""]",Sand,"[""L"", ""XS"", ""M"", ""XXL"", ""S""]",4.4,684,2024-07-12 14:22:06,False
PROD-1022,VerdantCo Fleece Hoodie - Sand,Outerwear,Fleece Hoodie,VerdantCo,55.63,A premium fleece hoodie by VerdantCo. Perfect for special occasions.,"[""edgy"", ""boho"", ""retro""]",Sand,"[""L"", ""XL"", ""XS"", ""S"", ""M""]",3.8,220,2025-10-29 19:23:30,False
PROD-1023,AuraWear Compression Shorts - Rust,Activewear,Compression Shorts,AuraWear,204.47,A eco-friendly compression shorts by AuraWear. Perfect for active lifestyles.,"[""minimalist"", ""retro"", ""preppy"", ""athleisure""]",Rust,"[""S"", ""M"", ""XXL""]",3.6,208,2024-08-16 21:45:14,True
PROD-1024,TerraKnit Watch - White,Accessories,Watch,TerraKnit,74.43,A premium watch by TerraKnit. Perfect for weekend getaways.,"[""edgy"", ""luxury"", ""eco-friendly""]",White,"[""S"", ""XS"", ""XL"", ""XXL""]",4.4,229,2024-09-30 05:31:50,False
PROD-1025,PrismLine Bikini Set - Olive,Swimwear,Bikini Set,PrismLine,244.39,A eco-friendly bikini set by PrismLine. Perfect for active lifestyles.,"[""preppy"", ""athleisure""]",Olive,"[""XL"", ""XXL"", ""L"", ""M"", ""S"", ""XS""]",4.3,766,2026-01-07 09:08:44,False
PROD-1026,VerdantCo Beanie - Teal,Accessories,Beanie,VerdantCo,143.15,A classic beanie by VerdantCo. Perfect for active lifestyles.,"[""luxury"", ""minimalist"", ""boho""]",Teal,"[""M"", ""XL"", ""XS"", ""L"", ""XXL""]",4.4,241,2025-08-18 00:35:26,False
PROD-1027,SoleCraft Leather Belt - Sand,Accessories,Leather Belt,SoleCraft,37.42,A premium leather belt by SoleCraft. Perfect for everyday wear.,"[""retro"", ""preppy"", ""edgy""]",Sand,"[""L"", ""XS"", ""M"", ""S"", ""XXL"", ""XL""]",4.7,556,2024-12-08 14:16:42,False
PROD-1028,AuraWear Windbreaker - Black,Outerwear,Windbreaker,AuraWear,222.76,A classic windbreaker by AuraWear. Perfect for everyday wear.,"[""classic"", ""luxury"", ""edgy""]",Black,"[""XL"", ""XXL"", ""XS"", ""L"", ""S"", ""M""]",4.7,477,2024-10-09 07:20:57,True
PROD-1029,NovaStitch Wrap Dress - Rust,Dresses,Wrap Dress,NovaStitch,230.55,A versatile wrap dress by NovaStitch. Perfect for everyday wear.,"[""classic"", ""edgy"", ""boho""]",Rust,"[""XS"", ""XL"", ""XXL"", ""S"", ""L"", ""M""]",4.7,672,2024-03-03 12:55:55,False
PROD-1030,UrbanEdge Crossbody Bag - Blush,Accessories,Crossbody Bag,UrbanEdge,152.59,A classic crossbody bag by UrbanEdge. Perfect for weekend getaways.,"[""minimalist"", ""athleisure""]",Blush,"[""M"", ""S"", ""XS"", ""L"", ""XL""]",3.2,115,2024-02-09 21:21:39,False
PROD-1031,NovaStitch Shirt Dress - White,Dresses,Shirt Dress,NovaStitch,215.2,A eco-friendly shirt dress by NovaStitch. Perfect for everyday wear.,"[""resort"", ""luxury"", ""minimalist"", ""streetwear""]",White,"[""M"", ""XL"", ""L""]",3.6,682,2025-07-29 15:53:01,True
PROD-1032,SoleCraft Yoga Pants - Rust,Activewear,Yoga Pants,SoleCraft,197.95,A classic yoga pants by SoleCraft. Perfect for weekend getaways.,"[""edgy"", ""classic""]",Rust,"[""XXL"", ""XL"", ""M"", ""L""]",4.7,556,2026-01-21 02:05:36,False
PROD-1033,NovaStitch Bomber Jacket - White,Outerwear,Bomber Jacket,NovaStitch,179.55,A versatile bomber jacket by NovaStitch. Perfect for everyday wear.,"[""preppy"", ""minimalist"", ""resort""]",White,"[""M"", ""S"", ""L"", ""XS"", ""XL"", ""XXL""]",4.3,353,2025-03-10 10:25:26,False
PROD-1034,UrbanEdge Fleece Hoodie - Teal,Outerwear,Fleece Hoodie,UrbanEdge,221.61,A classic fleece hoodie by UrbanEdge. Perfect for weekend getaways.,"[""streetwear"", ""minimalist""]",Teal,"[""L"", ""XS"", ""XL"", ""S"", ""XXL"", ""M""]",4.0,713,2025-01-12 23:04:26,False
PROD-1035,PrismLine Compression Shorts - Teal,Activewear,Compression Shorts,PrismLine,118.5,A versatile compression shorts by PrismLine. Perfect for active lifestyles.,"[""edgy"", ""retro"", ""classic""]",Teal,"[""XS"", ""S"", ""M"", ""XXL""]",3.9,765,2024-10-14 14:53:11,True
PROD-1036,TerraKnit Board Shorts - Teal,Swimwear,Board Shorts,TerraKnit,83.69,A trendy board shorts by TerraKnit. Perfect for special occasions.,"[""boho"", ""streetwear"", ""minimalist"", ""resort""]",Teal,"[""XS"", ""XXL"", ""M"", ""L"", ""XL""]",3.4,658,2026-02-01 13:17:03,True
PROD-1037,VerdantCo Denim Skirt - Rust,Denim,Denim Skirt,VerdantCo,290.33,A premium denim skirt by VerdantCo. Perfect for everyday wear.,"[""preppy"", ""classic"", ""athleisure""]",Rust,"[""L"", ""XXL"", ""XS""]",3.5,595,2024-03-24 06:41:28,True
PROD-1038,NovaStitch Puffer Jacket - White,Outerwear,Puffer Jacket,NovaStitch,237.18,A premium puffer jacket by NovaStitch. Perfect for active lifestyles.,"[""edgy"", ""eco-friendly"", ""luxury"", ""minimalist""]",White,"[""M"", ""XL"", ""XS"", ""XXL"", ""L"", ""S""]",3.8,645,2024-11-23 19:35:22,False
PROD-1039,NovaStitch Henley - Navy,Tops,Henley,NovaStitch,146.13,A versatile henley by NovaStitch. Perfect for everyday wear.,"[""streetwear"", ""athleisure"", ""casual"", ""edgy""]",Navy,"[""M"", ""XXL"", ""L"", ""XS""]",4.2,708,2024-12-28 14:40:12,False
PROD-1040,CoastalThreads Watch - Teal,Accessories,Watch,CoastalThreads,274.35,A trendy watch by CoastalThreads. Perfect for everyday wear.,"[""luxury"", ""athleisure""]",Teal,"[""M"", ""XL"", ""XXL"", ""S""]",4.7,132,2025-12-29 02:19:36,False
PROD-1041,PrismLine Wrap Dress - Teal,Dresses,Wrap Dress,PrismLine,31.15,A versatile wrap dress by PrismLine. Perfect for active lifestyles.,"[""preppy"", ""streetwear"", ""eco-friendly""]",Teal,"[""XS"", ""S"", ""XXL""]",3.9,788,2025-02-22 16:05:57,False
PROD-1042,PrismLine Sandals - Rust,Shoes,Sandals,PrismLine,197.73,A trendy sandals by PrismLine. Perfect for weekend getaways.,"[""athleisure"", ""eco-friendly"", ""edgy""]",Rust,"[""L"", ""M"", ""XL"", ""XXL"", ""XS""]",4.0,169,2025-05-27 07:58:18,False
PROD-1043,SoleCraft Board Shorts - Teal,Swimwear,Board Shorts,SoleCraft,108.05,A premium board shorts by SoleCraft. Perfect for everyday wear.,"[""preppy"", ""streetwear""]",Teal,"[""L"", ""XS"", ""S"", ""M"", ""XXL"", ""XL""]",3.6,645,2025-11-17 16:28:52,False
PROD-1044,PrismLine Sunglasses - Navy,Accessories,Sunglasses,PrismLine,28.07,A classic sunglasses by PrismLine. Perfect for special occasions.,"[""preppy"", ""resort"", ""streetwear""]",Navy,"[""XL"", ""XS"", ""L"", ""XXL"", ""M""]",4.3,121,2025-12-17 20:01:27,False
PROD-1045,VerdantCo Sandals - Teal,Shoes,Sandals,VerdantCo,88.23,A premium sandals by VerdantCo. Perfect for special occasions.,"[""boho"", ""edgy"", ""preppy"", ""eco-friendly""]",Teal,"[""XS"", ""M"", ""L"", ""S""]",4.1,524,2025-02-19 00:55:07,False
PROD-1046,TerraKnit Bomber Jacket - Blush,Outerwear,Bomber Jacket,TerraKnit,155.61,A eco-friendly bomber jacket by TerraKnit. Perfect for weekend getaways.,"[""preppy"", ""athleisure"", ""resort"", ""retro""]",Blush,"[""M"", ""S"", ""XL"", ""XXL"", ""L"", ""XS""]",3.7,799,2025-09-30 02:48:20,True
PROD-1047,SoleCraft Rash Guard - Navy,Swimwear,Rash Guard,SoleCraft,290.29,A trendy rash guard by SoleCraft. Perfect for weekend getaways.,"[""casual"", ""athleisure"", ""retro""]",Navy,"[""XL"", ""L"", ""XS""]",3.7,744,2024-08-11 22:30:12,False
PROD-1048,AuraWear Running Sneakers - Burgundy,Shoes,Running Sneakers,AuraWear,258.48,A eco-friendly running sneakers by AuraWear. Perfect for weekend getaways.,"[""eco-friendly"", ""edgy"", ""streetwear""]",Burgundy,"[""XXL"", ""L"", ""XS"", ""M"", ""XL""]",4.7,245,2025-03-22 10:15:56,False
PROD-1049,CoastalThreads Polo - White,Tops,Polo,CoastalThreads,32.87,A versatile polo by CoastalThreads. Perfect for active lifestyles.,"[""athleisure"", ""boho"", ""casual""]",White,"[""L"", ""S"", ""XL"", ""M"", ""XXL""]",4.6,584,2024-10-06 17:00:26,True
PROD-1050,SoleCraft Crop Top - Blush,Tops,Crop Top,SoleCraft,85.0,A premium crop top by SoleCraft. Perfect for active lifestyles.,"[""minimalist"", ""preppy"", ""eco-friendly"", ""athleisure""]",Blush,"[""L"", ""M"", ""S""]",4.3,80,2025-11-17 04:52:47,False
PROD-1051,VerdantCo Windbreaker - Rust,Outerwear,Windbreaker,VerdantCo,49.85,A versatile windbreaker by VerdantCo. Perfect for active lifestyles.,"[""minimalist"", ""edgy"", ""preppy""]",Rust,"[""XS"", ""L"", ""M"", ""XXL"", ""XL""]",3.8,625,2026-02-10 15:20:07,False
PROD-1052,TerraKnit Trench Coat - Charcoal,Outerwear,Trench Coat,TerraKnit,193.84,A classic trench coat by TerraKnit. Perfect for everyday wear.,"[""luxury"", ""minimalist""]",Charcoal,"[""M"", ""L"", ""XS""]",4.4,598,2025-07-20 19:00:45,False
PROD-1053,IronLoom Oxford Shirt - Sand,Tops,Oxford Shirt,IronLoom,240.21,A versatile oxford shirt by IronLoom. Perfect for active lifestyles.,"[""minimalist"", ""athleisure""]",Sand,"[""M"", ""L"", ""XXL"", ""XL""]",4.8,351,2024-06-27 21:50:16,False
PROD-1054,NovaStitch Henley - Sand,Tops,Henley,NovaStitch,94.04,A versatile henley by NovaStitch. Perfect for active lifestyles.,"[""classic"", ""streetwear"", ""edgy"", ""casual""]",Sand,"[""XXL"", ""M"", ""XS"", ""XL"", ""L"", ""S""]",3.2,30,2025-05-24 12:57:37,False
PROD-1055,CoastalThreads Beanie - Rust,Accessories,Beanie,CoastalThreads,59.13,A versatile beanie by CoastalThreads. Perfect for weekend getaways.,"[""boho"", ""luxury"", ""edgy"", ""streetwear""]",Rust,"[""XS"", ""S"", ""XL""]",4.9,402,2025-12-05 17:03:54,False
PROD-1056,PeakForm Sundress - Sand,Dresses,Sundress,PeakForm,282.92,A versatile sundress by PeakForm. Perfect for special occasions.,"[""streetwear"", ""preppy"", ""eco-friendly"", ""edgy""]",Sand,"[""L"", ""S"", ""M"", ""XS"", ""XL"", ""XXL""]",3.6,67,2025-09-10 11:43:18,False
PROD-1057,AuraWear Tank Top - White,Tops,Tank Top,AuraWear,34.15,A classic tank top by AuraWear. Perfect for special occasions.,"[""minimalist"", ""luxury"", ""eco-friendly"", ""casual""]",White,"[""XL"", ""S"", ""XXL""]",3.7,243,2025-05-25 09:35:16,False
PROD-1058,PeakForm Denim Jacket - Navy,Denim,Denim Jacket,PeakForm,56.89,A classic denim jacket by PeakForm. Perfect for active lifestyles.,"[""boho"", ""athleisure"", ""streetwear"", ""casual""]",Navy,"[""S"", ""M"", ""XS""]",3.7,134,2025-10-15 22:32:49,False
PROD-1059,AuraWear Polo - Charcoal,Tops,Polo,AuraWear,82.02,A eco-friendly polo by AuraWear. Perfect for active lifestyles.,"[""eco-friendly"", ""streetwear"", ""preppy"", ""retro""]",Charcoal,"[""XXL"", ""XS"", ""XL"", ""S"", ""M"", ""L""]",4.2,707,2024-06-16 17:06:31,False
PROD-1060,CoastalThreads Bikini Set - Charcoal,Swimwear,Bikini Set,CoastalThreads,194.8,A versatile bikini set by CoastalThreads. Perfect for weekend getaways.,"[""athleisure"", ""streetwear"", ""resort"", ""boho""]",Charcoal,"[""L"", ""XL"", ""XXL"", ""XS"", ""M""]",4.2,675,2024-11-30 00:38:27,False
PROD-1061,IronLoom Watch - Rust,Accessories,Watch,IronLoom,139.48,A versatile watch by IronLoom. Perfect for special occasions.,"[""edgy"", ""streetwear"", ""classic""]",Rust,"[""XS"", ""XXL"", ""XL"", ""L"", ""S"", ""M""]",4.3,767,2025-08-01 21:16:54,False
PROD-1062,PrismLine Denim Skirt - Teal,Denim,Denim Skirt,PrismLine,119.0,A premium denim skirt by PrismLine. Perfect for everyday wear.,"[""luxury"", ""streetwear"", ""edgy""]",Teal,"[""XL"", ""M"", ""XXL"", ""XS"", ""L""]",4.3,163,2026-01-19 01:19:25,True
PROD-1063,PrismLine Oxford Shirt - Charcoal,Tops,Oxford Shirt,PrismLine,83.31,A eco-friendly oxford shirt by PrismLine. Perfect for everyday wear.,"[""boho"", ""eco-friendly""]",Charcoal,"[""XS"", ""S"", ""M"", ""L"", ""XL""]",3.9,352,2025-06-29 07:06:06,True
PROD-1064,SoleCraft High-Top Sneakers - White,Shoes,High-Top Sneakers,SoleCraft,292.1,A eco-friendly high-top sneakers by SoleCraft. Perfect for special occasions.,"[""resort"", ""luxury""]",White,"[""L"", ""XXL"", ""M"", ""XS"", ""S"", ""XL""]",3.2,743,2025-05-18 21:52:14,False
PROD-1065,PeakForm Graphic Tee - Navy,Tops,Graphic Tee,PeakForm,144.06,A eco-friendly graphic tee by PeakForm. Perfect for weekend getaways.,"[""casual"", ""luxury"", ""streetwear"", ""boho""]",Navy,"[""M"", ""S"", ""XS"", ""XL"", ""XXL"", ""L""]",3.8,295,2026-01-25 22:59:02,False
PROD-1066,NovaStitch Puffer Jacket - Sand,Outerwear,Puffer Jacket,NovaStitch,284.68,A versatile puffer jacket by NovaStitch. Perfect for active lifestyles.,"[""casual"", ""resort"", ""minimalist"", ""boho""]",Sand,"[""XS"", ""XXL"", ""L"", ""M"", ""S""]",4.5,184,2024-07-19 16:23:31,False
PROD-1067,PrismLine Scarf - Charcoal,Accessories,Scarf,PrismLine,142.13,A trendy scarf by PrismLine. Perfect for active lifestyles.,"[""edgy"", ""casual""]",Charcoal,"[""XL"", ""L"", ""XXL"", ""S"", ""XS"", ""M""]",3.9,26,2025-05-19 12:14:07,True
PROD-1068,CoastalThreads Board Shorts - Sand,Swimwear,Board Shorts,CoastalThreads,184.87,A premium board shorts by CoastalThreads. Perfect for active lifestyles.,"[""minimalist"", ""edgy""]",Sand,"[""S"", ""M"", ""XXL"", ""XS"", ""XL""]",4.0,548,2024-10-28 05:15:14,False
PROD-1069,PeakForm Track Jacket - Olive,Activewear,Track Jacket,PeakForm,75.23,A trendy track jacket by PeakForm. Perfect for special occasions.,"[""athleisure"", ""boho""]",Olive,"[""L"", ""XL"", ""XXL"", ""M"", ""S"", ""XS""]",4.2,159,2025-11-14 03:32:46,True
PROD-1070,VerdantCo Board Shorts - Blush,Swimwear,Board Shorts,VerdantCo,40.76,A trendy board shorts by VerdantCo. Perfect for everyday wear.,"[""classic"", ""retro""]",Blush,"[""M"", ""XS"", ""XL"", ""XXL"", ""S""]",3.9,478,2024-03-04 17:26:15,False
PROD-1071,TerraKnit Sunglasses - Rust,Accessories,Sunglasses,TerraKnit,247.06,A trendy sunglasses by TerraKnit. Perfect for special occasions.,"[""athleisure"", ""casual"", ""preppy"", ""streetwear""]",Rust,"[""S"", ""L"", ""XL""]",4.7,541,2024-09-03 14:29:15,False
PROD-1072,SoleCraft Windbreaker - Charcoal,Outerwear,Windbreaker,SoleCraft,112.3,A premium windbreaker by SoleCraft. Perfect for active lifestyles.,"[""eco-friendly"", ""casual"", ""classic"", ""streetwear""]",Charcoal,"[""XXL"", ""XL"", ""S"", ""L"", ""XS""]",4.1,601,2024-08-07 16:49:55,False
PROD-1073,PeakForm Windbreaker - Blush,Outerwear,Windbreaker,PeakForm,200.17,A classic windbreaker by PeakForm. Perfect for everyday wear.,"[""streetwear"", ""boho"", ""retro"", ""edgy""]",Blush,"[""XL"", ""M"", ""XS"", ""S"", ""XXL"", ""L""]",3.7,224,2025-06-14 20:42:18,False
PROD-1074,NovaStitch One-Piece Swimsuit - Navy,Swimwear,One-Piece Swimsuit,NovaStitch,256.43,A eco-friendly one-piece swimsuit by NovaStitch. Perfect for everyday wear.,"[""streetwear"", ""boho""]",Navy,"[""XL"", ""S"", ""L"", ""XS"", ""M""]",3.2,190,2024-09-14 03:44:50,False
PROD-1075,IronLoom Denim Shorts - Olive,Denim,Denim Shorts,IronLoom,85.51,A premium denim shorts by IronLoom. Perfect for special occasions.,"[""eco-friendly"", ""boho"", ""preppy""]",Olive,"[""XXL"", ""XL"", ""L"", ""S"", ""M""]",3.5,396,2026-02-20 05:43:13,False
PROD-1076,TerraKnit Loafers - Navy,Shoes,Loafers,TerraKnit,264.74,A trendy loafers by TerraKnit. Perfect for everyday wear.,"[""casual"", ""luxury"", ""preppy""]",Navy,"[""XS"", ""S"", ""M"", ""XL"", ""XXL""]",4.1,452,2024-05-22 11:19:46,False
PROD-1077,IronLoom Watch - Black,Accessories,Watch,IronLoom,124.7,A trendy watch by IronLoom. Perfect for active lifestyles.,"[""casual"", ""edgy"", ""retro""]",Black,"[""XS"", ""M"", ""XXL"", ""XL""]",3.8,670,2025-06-04 20:31:49,False
PROD-1078,VerdantCo Running Sneakers - Rust,Shoes,Running Sneakers,VerdantCo,273.63,A classic running sneakers by VerdantCo. Perfect for special occasions.,"[""athleisure"", ""preppy"", ""luxury"", ""casual""]",Rust,"[""XS"", ""M"", ""S"", ""L"", ""XXL"", ""XL""]",3.0,249,2025-10-14 04:13:50,False
PROD-1079,CoastalThreads Bikini Set - Rust,Swimwear,Bikini Set,CoastalThreads,221.18,A trendy bikini set by CoastalThreads. Perfect for active lifestyles.,"[""retro"", ""casual"", ""resort"", ""minimalist""]",Rust,"[""XL"", ""L"", ""S"", ""M""]",3.6,689,2024-05-12 23:55:10,False
PROD-1080,PrismLine Yoga Pants - Teal,Activewear,Yoga Pants,PrismLine,264.52,A premium yoga pants by PrismLine. Perfect for active lifestyles.,"[""retro"", ""resort"", ""casual"", ""edgy""]",Teal,"[""XXL"", ""XS"", ""M"", ""XL"", ""S""]",3.1,251,2024-06-10 00:52:08,False
PROD-1081,UrbanEdge Sports Bra - Charcoal,Activewear,Sports Bra,UrbanEdge,294.62,A classic sports bra by UrbanEdge. Perfect for special occasions.,"[""classic"", ""luxury"", ""athleisure"", ""preppy""]",Charcoal,"[""XXL"", ""L"", ""XS""]",4.0,305,2024-11-09 03:51:25,True
PROD-1082,IronLoom Leather Belt - Burgundy,Accessories,Leather Belt,IronLoom,30.24,A versatile leather belt by IronLoom. Perfect for active lifestyles.,"[""edgy"", ""retro"", ""preppy"", ""boho""]",Burgundy,"[""XXL"", ""M"", ""XL""]",4.3,132,2025-07-25 16:44:57,False
PROD-1083,SoleCraft Shirt Dress - Charcoal,Dresses,Shirt Dress,SoleCraft,122.85,A versatile shirt dress by SoleCraft. Perfect for everyday wear.,"[""preppy"", ""resort""]",Charcoal,"[""XS"", ""L"", ""S"", ""M"", ""XL"", ""XXL""]",4.6,110,2024-05-04 09:11:07,False
PROD-1084,AuraWear Bomber Jacket - Blush,Outerwear,Bomber Jacket,AuraWear,145.19,A versatile bomber jacket by AuraWear. Perfect for weekend getaways.,"[""edgy"", ""athleisure"", ""preppy"", ""classic""]",Blush,"[""XXL"", ""XS"", ""XL"", ""M"", ""S""]",4.5,377,2024-09-05 12:44:14,False
PROD-1085,AuraWear High-Top Sneakers - Black,Shoes,High-Top Sneakers,AuraWear,237.97,A premium high-top sneakers by AuraWear. Perfect for everyday wear.,"[""streetwear"", ""minimalist""]",Black,"[""XXL"", ""L"", ""M"", ""S""]",3.7,459,2024-04-29 10:29:47,False
PROD-1086,IronLoom Compression Shorts - Burgundy,Activewear,Compression Shorts,IronLoom,225.98,A premium compression shorts by IronLoom. Perfect for everyday wear.,"[""streetwear"", ""casual""]",Burgundy,"[""M"", ""L"", ""S"", ""XXL"", ""XL""]",4.0,715,2026-02-02 01:16:14,True
PROD-1087,AuraWear Running Sneakers - Navy,Shoes,Running Sneakers,AuraWear,218.66,A versatile running sneakers by AuraWear. Perfect for active lifestyles.,"[""preppy"", ""streetwear"", ""classic"", ""eco-friendly""]",Navy,"[""XXL"", ""S"", ""M"", ""L""]",4.1,234,2024-07-07 12:43:12,False
PROD-1088,AuraWear Loafers - Black,Shoes,Loafers,AuraWear,150.86,A classic loafers by AuraWear. Perfect for everyday wear.,"[""retro"", ""eco-friendly"", ""classic""]",Black,"[""M"", ""L"", ""XL""]",5.0,543,2025-09-30 03:33:07,False
PROD-1089,IronLoom Henley - White,Tops,Henley,IronLoom,116.45,A eco-friendly henley by IronLoom. Perfect for special occasions.,"[""preppy"", ""luxury"", ""retro""]",White,"[""L"", ""XL"", ""XS"", ""XXL""]",4.8,535,2024-08-25 16:49:48,False
PROD-1090,NovaStitch Ankle Boots - Charcoal,Shoes,Ankle Boots,NovaStitch,197.81,A classic ankle boots by NovaStitch. Perfect for active lifestyles.,"[""boho"", ""streetwear"", ""resort"", ""minimalist""]",Charcoal,"[""XL"", ""S"", ""XXL""]",4.1,180,2025-06-08 11:22:13,False
PROD-1091,CoastalThreads Slim Jeans - Black,Denim,Slim Jeans,CoastalThreads,193.06,A eco-friendly slim jeans by CoastalThreads. Perfect for active lifestyles.,"[""eco-friendly"", ""boho"", ""minimalist"", ""edgy""]",Black,"[""L"", ""S"", ""XXL"", ""XL"", ""M""]",3.1,79,2024-04-03 01:43:11,True
PROD-1092,AuraWear Shirt Dress - Olive,Dresses,Shirt Dress,AuraWear,261.21,A versatile shirt dress by AuraWear. Perfect for weekend getaways.,"[""eco-friendly"", ""athleisure"", ""classic""]",Olive,"[""M"", ""XL"", ""XS"", ""S""]",3.6,252,2025-12-25 15:21:28,True
PROD-1093,PeakForm One-Piece Swimsuit - White,Swimwear,One-Piece Swimsuit,PeakForm,261.96,A classic one-piece swimsuit by PeakForm. Perfect for active lifestyles.,"[""boho"", ""edgy""]",White,"[""S"", ""XXL"", ""L"", ""M"", ""XL""]",3.8,515,2025-04-24 07:13:22,False
PROD-1094,PrismLine Polo - Rust,Tops,Polo,PrismLine,118.8,A premium polo by PrismLine. Perfect for weekend getaways.,"[""minimalist"", ""eco-friendly""]",Rust,"[""XL"", ""XS"", ""XXL"", ""S"", ""L""]",3.1,275,2025-07-22 05:10:43,False
PROD-1095,SoleCraft Yoga Pants - Black,Activewear,Yoga Pants,SoleCraft,100.8,A premium yoga pants by SoleCraft. Perfect for active lifestyles.,"[""retro"", ""minimalist"", ""classic"", ""resort""]",Black,"[""S"", ""XS"", ""L""]",3.8,387,2025-06-10 18:00:58,False
PROD-1096,NovaStitch Sports Bra - Blush,Activewear,Sports Bra,NovaStitch,30.89,A premium sports bra by NovaStitch. Perfect for weekend getaways.,"[""edgy"", ""retro"", ""casual"", ""eco-friendly""]",Blush,"[""XL"", ""XXL"", ""S"", ""L""]",4.4,632,2025-05-09 19:39:37,True
PROD-1097,IronLoom Fleece Hoodie - Teal,Outerwear,Fleece Hoodie,IronLoom,152.96,A versatile fleece hoodie by IronLoom. Perfect for everyday wear.,"[""retro"", ""preppy"", ""eco-friendly"", ""boho""]",Teal,"[""XL"", ""M"", ""XS"", ""XXL"", ""S"", ""L""]",3.0,676,2024-12-19 11:25:34,False
PROD-1098,PrismLine One-Piece Swimsuit - Blush,Swimwear,One-Piece Swimsuit,PrismLine,28.83,A trendy one-piece swimsuit by PrismLine. Perfect for special occasions.,"[""athleisure"", ""luxury"", ""minimalist""]",Blush,"[""L"", ""M"", ""XXL""]",4.9,160,2025-10-03 12:16:07,False
PROD-1099,TerraKnit Sundress - Rust,Dresses,Sundress,TerraKnit,78.05,A premium sundress by TerraKnit. Perfect for weekend getaways.,"[""resort"", ""casual"", ""athleisure"", ""retro""]",Rust,"[""S"", ""L"", ""M"", ""XL"", ""XXL""]",3.7,697,2025-02-14 16:08:11,False
PROD-1100,VerdantCo Crossbody Bag - Teal,Accessories,Crossbody Bag,VerdantCo,217.36,A premium crossbody bag by VerdantCo. Perfect for active lifestyles.,"[""minimalist"", ""boho"", ""luxury""]",Teal,"[""M"", ""XL"", ""XXL"", ""S"", ""XS"", ""L""]",4.4,409,2025-06-20 03:33:11,False
PROD-1101,UrbanEdge Ankle Boots - Burgundy,Shoes,Ankle Boots,UrbanEdge,229.24,A eco-friendly ankle boots by UrbanEdge. Perfect for active lifestyles.,"[""streetwear"", ""classic"", ""preppy"", ""boho""]",Burgundy,"[""S"", ""XS"", ""XXL"", ""XL"", ""M""]",3.4,690,2024-12-16 13:38:55,False
PROD-1102,SoleCraft Slim Jeans - Charcoal,Denim,Slim Jeans,SoleCraft,290.06,A classic slim jeans by SoleCraft. Perfect for weekend getaways.,"[""preppy"", ""streetwear"", ""athleisure"", ""casual""]",Charcoal,"[""L"", ""S"", ""M"", ""XL"", ""XXL"", ""XS""]",5.0,792,2024-05-18 23:20:14,False
PROD-1103,UrbanEdge Scarf - Navy,Accessories,Scarf,UrbanEdge,240.62,A versatile scarf by UrbanEdge. Perfect for everyday wear.,"[""athleisure"", ""casual"", ""edgy""]",Navy,"[""M"", ""XL"", ""XS""]",3.4,348,2025-03-18 01:13:38,False
PROD-1104,PrismLine One-Piece Swimsuit - Rust,Swimwear,One-Piece Swimsuit,PrismLine,65.49,A versatile one-piece swimsuit by PrismLine. Perfect for special occasions.,"[""minimalist"", ""streetwear"", ""classic""]",Rust,"[""XXL"", ""M"", ""XL""]",3.9,586,2024-10-27 01:34:29,True
PROD-1105,PrismLine Shirt Dress - Charcoal,Dresses,Shirt Dress,PrismLine,46.7,A premium shirt dress by PrismLine. Perfect for active lifestyles.,"[""edgy"", ""luxury""]",Charcoal,"[""XS"", ""M"", ""L"", ""XXL""]",5.0,462,2025-02-18 18:16:11,False
PROD-1106,TerraKnit Fleece Hoodie - Black,Outerwear,Fleece Hoodie,TerraKnit,37.38,A versatile fleece hoodie by TerraKnit. Perfect for special occasions.,"[""luxury"", ""classic"", ""minimalist""]",Black,"[""XXL"", ""XL"", ""M"", ""L"", ""XS"", ""S""]",3.2,381,2024-12-09 01:51:23,True
PROD-1107,PeakForm Sandals - Rust,Shoes,Sandals,PeakForm,275.57,A classic sandals by PeakForm. Perfect for special occasions.,"[""eco-friendly"", ""classic"", ""edgy"", ""retro""]",Rust,"[""XL"", ""L"", ""M""]",4.5,84,2024-06-23 07:26:49,True
PROD-1108,PrismLine Scarf - Navy,Accessories,Scarf,PrismLine,143.71,A eco-friendly scarf by PrismLine. Perfect for weekend getaways.,"[""classic"", ""retro""]",Navy,"[""XL"", ""L"", ""XS""]",4.4,469,2024-07-23 23:14:29,False
PROD-1109,UrbanEdge Cover-Up - Teal,Swimwear,Cover-Up,UrbanEdge,130.86,A classic cover-up by UrbanEdge. Perfect for everyday wear.,"[""luxury"", ""boho"", ""casual""]",Teal,"[""L"", ""M"", ""XS""]",4.6,559,2024-04-03 14:29:33,False
PROD-1110,UrbanEdge Polo - Burgundy,Tops,Polo,UrbanEdge,124.84,A premium polo by UrbanEdge. Perfect for weekend getaways.,"[""athleisure"", ""resort"", ""edgy""]",Burgundy,"[""XS"", ""XL"", ""S"", ""M"", ""L"", ""XXL""]",4.8,187,2025-09-02 14:17:16,False
PROD-1111,UrbanEdge Leather Belt - Burgundy,Accessories,Leather Belt,UrbanEdge,168.93,A classic leather belt by UrbanEdge. Perfect for weekend getaways.,"[""luxury"", ""retro"", ""edgy""]",Burgundy,"[""S"", ""M"", ""XXL"", ""XL"", ""XS""]",4.6,37,2025-10-13 06:25:20,False
PROD-1112,NovaStitch Bootcut Jeans - White,Denim,Bootcut Jeans,NovaStitch,144.99,A trendy bootcut jeans by NovaStitch. Perfect for special occasions.,"[""eco-friendly"", ""casual""]",White,"[""L"", ""XXL"", ""S""]",4.3,557,2024-12-03 12:22:59,False
PROD-1113,PrismLine Bootcut Jeans - Burgundy,Denim,Bootcut Jeans,PrismLine,109.28,A versatile bootcut jeans by PrismLine. Perfect for special occasions.,"[""resort"", ""eco-friendly""]",Burgundy,"[""S"", ""XL"", ""XXL"", ""L"", ""M""]",4.2,286,2024-04-04 16:39:55,False
PROD-1114,SoleCraft Slip-Ons - Teal,Shoes,Slip-Ons,SoleCraft,240.02,A premium slip-ons by SoleCraft. Perfect for weekend getaways.,"[""casual"", ""classic"", ""edgy""]",Teal,"[""M"", ""L"", ""S"", ""XXL""]",3.6,489,2025-01-09 07:56:42,False
PROD-1115,AuraWear Trench Coat - Black,Outerwear,Trench Coat,AuraWear,57.54,A classic trench coat by AuraWear. Perfect for active lifestyles.,"[""edgy"", ""resort"", ""retro"", ""eco-friendly""]",Black,"[""L"", ""M"", ""XS""]",3.5,553,2024-10-22 21:40:10,True
PROD-1116,TerraKnit Sundress - Black,Dresses,Sundress,TerraKnit,222.8,A premium sundress by TerraKnit. Perfect for special occasions.,"[""minimalist"", ""eco-friendly""]",Black,"[""M"", ""XS"", ""S"", ""XL"", ""XXL""]",4.1,769,2026-01-13 23:27:51,False
PROD-1117,NovaStitch Watch - Teal,Accessories,Watch,NovaStitch,169.41,A versatile watch by NovaStitch. Perfect for active lifestyles.,"[""boho"", ""edgy"", ""preppy""]",Teal,"[""L"", ""XS"", ""XXL"", ""S"", ""XL"", ""M""]",3.7,325,2025-10-05 00:26:07,True
PROD-1118,PeakForm Beanie - Black,Accessories,Beanie,PeakForm,221.59,A classic beanie by PeakForm. Perfect for active lifestyles.,"[""retro"", ""eco-friendly"", ""luxury""]",Black,"[""L"", ""XL"", ""S"", ""XXL""]",3.6,568,2025-06-08 09:18:31,False
PROD-1119,AuraWear Rash Guard - Navy,Swimwear,Rash Guard,AuraWear,156.72,A eco-friendly rash guard by AuraWear. Perfect for everyday wear.,"[""classic"", ""athleisure"", ""luxury"", ""retro""]",Navy,"[""XS"", ""XXL"", ""XL""]",4.8,427,2024-08-01 14:03:20,False
PROD-1120,PeakForm Leather Belt - Black,Accessories,Leather Belt,PeakForm,124.49,A eco-friendly leather belt by PeakForm. Perfect for weekend getaways.,"[""retro"", ""preppy""]",Black,"[""XS"", ""XXL"", ""L"", ""XL"", ""M"", ""S""]",4.2,553,2025-03-21 08:31:24,True
PROD-1121,CoastalThreads Cocktail Dress - White,Dresses,Cocktail Dress,CoastalThreads,90.67,A premium cocktail dress by CoastalThreads. Perfect for everyday wear.,"[""athleisure"", ""minimalist"", ""luxury"", ""retro""]",White,"[""L"", ""XXL"", ""S"", ""M"", ""XS""]",3.7,312,2024-05-05 05:36:59,False
PROD-1122,SoleCraft Slim Jeans - Sand,Denim,Slim Jeans,SoleCraft,198.28,A trendy slim jeans by SoleCraft. Perfect for weekend getaways.,"[""retro"", ""preppy"", ""casual""]",Sand,"[""XXL"", ""M"", ""XS"", ""XL"", ""L"", ""S""]",4.4,221,2026-01-08 15:56:08,False
PROD-1123,VerdantCo Blouse - Teal,Tops,Blouse,VerdantCo,24.37,A classic blouse by VerdantCo. Perfect for weekend getaways.,"[""luxury"", ""casual"", ""athleisure"", ""classic""]",Teal,"[""M"", ""S"", ""XL""]",3.4,585,2025-08-27 12:48:35,False
PROD-1124,PeakForm Compression Shorts - White,Activewear,Compression Shorts,PeakForm,142.37,A versatile compression shorts by PeakForm. Perfect for weekend getaways.,"[""resort"", ""classic"", ""casual"", ""streetwear""]",White,"[""XS"", ""M"", ""L"", ""S"", ""XXL""]",4.7,369,2025-08-06 04:55:58,False
PROD-1125,TerraKnit Maxi Dress - Burgundy,Dresses,Maxi Dress,TerraKnit,42.96,A classic maxi dress by TerraKnit. Perfect for weekend getaways.,"[""resort"", ""streetwear""]",Burgundy,"[""M"", ""XS"", ""XL"", ""L"", ""S""]",3.3,460,2025-07-13 02:41:48,False
PROD-1126,CoastalThreads Henley - Navy,Tops,Henley,CoastalThreads,163.47,A trendy henley by CoastalThreads. Perfect for active lifestyles.,"[""preppy"", ""retro"", ""luxury""]",Navy,"[""XL"", ""XXL"", ""M""]",3.2,399,2024-01-20 04:05:29,False
PROD-1127,PrismLine Maxi Dress - Olive,Dresses,Maxi Dress,PrismLine,58.87,A premium maxi dress by PrismLine. Perfect for special occasions.,"[""retro"", ""athleisure"", ""edgy"", ""luxury""]",Olive,"[""S"", ""L"", ""M""]",3.6,436,2025-04-10 15:34:26,False
PROD-1128,VerdantCo Oxford Shirt - Olive,Tops,Oxford Shirt,VerdantCo,148.19,A trendy oxford shirt by VerdantCo. Perfect for weekend getaways.,"[""luxury"", ""preppy"", ""eco-friendly"", ""minimalist""]",Olive,"[""XL"", ""L"", ""M"", ""S"", ""XXL""]",3.3,445,2024-07-30 11:05:17,False
PROD-1129,IronLoom Watch - Navy,Accessories,Watch,IronLoom,290.96,A versatile watch by IronLoom. Perfect for weekend getaways.,"[""classic"", ""boho"", ""preppy""]",Navy,"[""L"", ""M"", ""XS"", ""XL"", ""XXL""]",4.6,611,2024-10-06 12:10:21,False
PROD-1130,AuraWear Wide-Leg Jeans - Olive,Denim,Wide-Leg Jeans,AuraWear,208.42,A versatile wide-leg jeans by AuraWear. Perfect for special occasions.,"[""boho"", ""streetwear"", ""edgy""]",Olive,"[""XXL"", ""S"", ""L"", ""XL"", ""XS""]",3.3,464,2026-01-14 11:09:52,False
PROD-1131,UrbanEdge Sundress - Charcoal,Dresses,Sundress,UrbanEdge,235.3,A versatile sundress by UrbanEdge. Perfect for special occasions.,"[""retro"", ""eco-friendly"", ""streetwear"", ""luxury""]",Charcoal,"[""XL"", ""L"", ""M""]",4.3,445,2024-06-13 13:53:57,True
PROD-1132,PrismLine Trench Coat - Teal,Outerwear,Trench Coat,PrismLine,124.74,A eco-friendly trench coat by PrismLine. Perfect for special occasions.,"[""eco-friendly"", ""resort"", ""minimalist"", ""preppy""]",Teal,"[""XS"", ""L"", ""XXL"", ""S"", ""M""]",3.9,92,2024-06-29 07:22:42,False
PROD-1133,VerdantCo Ankle Boots - Charcoal,Shoes,Ankle Boots,VerdantCo,117.51,A premium ankle boots by VerdantCo. Perfect for active lifestyles.,"[""minimalist"", ""retro"", ""preppy""]",Charcoal,"[""M"", ""XS"", ""XL""]",3.2,28,2025-06-16 22:52:22,False
PROD-1134,NovaStitch Slip-Ons - Teal,Shoes,Slip-Ons,NovaStitch,112.67,A premium slip-ons by NovaStitch. Perfect for special occasions.,"[""retro"", ""athleisure""]",Teal,"[""XXL"", ""S"", ""XL"", ""M"", ""L"", ""XS""]",3.9,34,2024-11-02 12:47:17,False
PROD-1135,UrbanEdge Shirt Dress - Olive,Dresses,Shirt Dress,UrbanEdge,181.65,A eco-friendly shirt dress by UrbanEdge. Perfect for special occasions.,"[""boho"", ""streetwear""]",Olive,"[""M"", ""S"", ""L"", ""XS"", ""XL""]",4.6,691,2026-01-30 09:17:07,False
PROD-1136,SoleCraft Running Tank - Blush,Activewear,Running Tank,SoleCraft,118.55,A classic running tank by SoleCraft. Perfect for active lifestyles.,"[""eco-friendly"", ""streetwear"", ""classic""]",Blush,"[""XXL"", ""S"", ""M""]",3.9,125,2025-01-05 14:38:09,False
PROD-1137,PeakForm Ankle Boots - Teal,Shoes,Ankle Boots,PeakForm,180.94,A premium ankle boots by PeakForm. Perfect for special occasions.,"[""edgy"", ""eco-friendly"", ""athleisure""]",Teal,"[""L"", ""M"", ""S"", ""XS""]",3.8,327,2025-12-01 14:32:05,False
PROD-1138,AuraWear Yoga Pants - Navy,Activewear,Yoga Pants,AuraWear,161.51,A premium yoga pants by AuraWear. Perfect for weekend getaways.,"[""edgy"", ""retro""]",Navy,"[""L"", ""S"", ""XS"", ""M"", ""XXL"", ""XL""]",4.0,304,2024-02-20 18:57:40,False
PROD-1139,AuraWear Trench Coat - Blush,Outerwear,Trench Coat,AuraWear,180.35,A eco-friendly trench coat by AuraWear. Perfect for active lifestyles.,"[""preppy"", ""retro"", ""luxury"", ""streetwear""]",Blush,"[""XXL"", ""L"", ""S""]",3.5,440,2024-06-08 02:21:41,False
PROD-1140,UrbanEdge Sunglasses - Rust,Accessories,Sunglasses,UrbanEdge,262.27,A classic sunglasses by UrbanEdge. Perfect for special occasions.,"[""classic"", ""streetwear"", ""preppy""]",Rust,"[""XXL"", ""XL"", ""L"", ""XS"", ""M""]",3.2,216,2024-11-17 11:23:01,False
PROD-1141,VerdantCo Running Tank - Blush,Activewear,Running Tank,VerdantCo,180.36,A eco-friendly running tank by VerdantCo. Perfect for everyday wear.,"[""athleisure"", ""classic"", ""boho"", ""eco-friendly""]",Blush,"[""L"", ""XS"", ""M"", ""XXL""]",4.9,134,2024-07-25 03:04:25,True
PROD-1142,SoleCraft Sports Bra - Rust,Activewear,Sports Bra,SoleCraft,95.23,A premium sports bra by SoleCraft. Perfect for everyday wear.,"[""eco-friendly"", ""luxury""]",Rust,"[""L"", ""XL"", ""M""]",3.8,716,2025-07-27 07:58:14,False
PROD-1143,TerraKnit Board Shorts - Black,Swimwear,Board Shorts,TerraKnit,242.78,A premium board shorts by TerraKnit. Perfect for special occasions.,"[""streetwear"", ""preppy"", ""classic"", ""resort""]",Black,"[""M"", ""XXL"", ""XL"", ""S"", ""XS"", ""L""]",3.8,356,2024-03-16 04:49:41,True
PROD-1144,CoastalThreads Bikini Set - Navy,Swimwear,Bikini Set,CoastalThreads,76.64,A classic bikini set by CoastalThreads. Perfect for active lifestyles.,"[""preppy"", ""casual"", ""edgy""]",Navy,"[""M"", ""XS"", ""XXL"", ""S""]",4.4,89,2025-07-31 15:20:25,False
PROD-1145,SoleCraft Running Sneakers - Burgundy,Shoes,Running Sneakers,SoleCraft,217.03,A premium running sneakers by SoleCraft. Perfect for everyday wear.,"[""resort"", ""minimalist"", ""edgy"", ""streetwear""]",Burgundy,"[""XL"", ""S"", ""L"", ""XS""]",3.0,13,2025-06-17 17:22:21,False
PROD-1146,AuraWear Cocktail Dress - White,Dresses,Cocktail Dress,AuraWear,224.6,A versatile cocktail dress by AuraWear. Perfect for active lifestyles.,"[""edgy"", ""streetwear""]",White,"[""S"", ""L"", ""XXL"", ""M"", ""XS""]",3.2,75,2024-01-14 03:57:40,False
PROD-1147,IronLoom Sandals - Olive,Shoes,Sandals,IronLoom,260.78,A trendy sandals by IronLoom. Perfect for special occasions.,"[""resort"", ""athleisure"", ""edgy"", ""preppy""]",Olive,"[""XL"", ""L"", ""M""]",3.2,444,2025-05-03 13:32:47,False
PROD-1148,CoastalThreads Sunglasses - Olive,Accessories,Sunglasses,CoastalThreads,238.1,A versatile sunglasses by CoastalThreads. Perfect for special occasions.,"[""eco-friendly"", ""resort"", ""luxury"", ""boho""]",Olive,"[""XXL"", ""L"", ""M"", ""XL""]",4.4,60,2025-01-06 19:16:55,False
PROD-1149,AuraWear Henley - Blush,Tops,Henley,AuraWear,296.32,A classic henley by AuraWear. Perfect for weekend getaways.,"[""retro"", ""casual""]",Blush,"[""M"", ""XL"", ""S"", ""L"", ""XS"", ""XXL""]",4.9,606,2024-04-14 21:47:48,True
PROD-1150,UrbanEdge Leather Belt - Sand,Accessories,Leather Belt,UrbanEdge,138.59,A eco-friendly leather belt by UrbanEdge. Perfect for special occasions.,"[""boho"", ""luxury"", ""retro"", ""edgy""]",Sand,"[""XS"", ""M"", ""XXL"", ""XL"", ""L""]",3.8,164,2025-05-22 14:08:02,False
PROD-1151,SoleCraft Oxford Shirt - Olive,Tops,Oxford Shirt,SoleCraft,278.89,A eco-friendly oxford shirt by SoleCraft. Perfect for everyday wear.,"[""minimalist"", ""streetwear""]",Olive,"[""XXL"", ""S"", ""XS"", ""L"", ""M""]",3.2,723,2024-01-18 15:10:52,True
PROD-1152,PrismLine Running Tank - Burgundy,Activewear,Running Tank,PrismLine,229.93,A trendy running tank by PrismLine. Perfect for everyday wear.,"[""classic"", ""athleisure""]",Burgundy,"[""L"", ""M"", ""XS"", ""S"", ""XXL""]",4.7,513,2025-12-08 03:00:11,False
PROD-1153,TerraKnit Denim Shorts - Navy,Denim,Denim Shorts,TerraKnit,270.39,A trendy denim shorts by TerraKnit. Perfect for special occasions.,"[""athleisure"", ""boho"", ""streetwear""]",Navy,"[""XS"", ""XXL"", ""S""]",4.3,52,2026-01-02 20:39:31,False
PROD-1154,UrbanEdge Loafers - Teal,Shoes,Loafers,UrbanEdge,110.09,A versatile loafers by UrbanEdge. Perfect for active lifestyles.,"[""resort"", ""luxury"", ""edgy"", ""minimalist""]",Teal,"[""XL"", ""M"", ""XS""]",3.8,519,2024-03-22 19:45:36,True
PROD-1155,CoastalThreads Denim Shorts - Rust,Denim,Denim Shorts,CoastalThreads,174.86,A classic denim shorts by CoastalThreads. Perfect for active lifestyles.,"[""boho"", ""classic"", ""streetwear""]",Rust,"[""XXL"", ""XL"", ""S"", ""L"", ""M""]",3.0,610,2026-02-05 09:49:08,False
PROD-1156,PrismLine Beanie - Olive,Accessories,Beanie,PrismLine,26.68,A trendy beanie by PrismLine. Perfect for active lifestyles.,"[""casual"", ""edgy""]",Olive,"[""XXL"", ""L"", ""M""]",4.1,111,2024-11-14 18:12:02,False
PROD-1157,AuraWear Watch - Black,Accessories,Watch,AuraWear,46.04,A eco-friendly watch by AuraWear. Perfect for weekend getaways.,"[""resort"", ""boho""]",Black,"[""L"", ""XS"", ""XL"", ""M"", ""XXL""]",4.8,657,2025-09-04 14:28:54,True
PROD-1158,PeakForm Denim Shorts - Olive,Denim,Denim Shorts,PeakForm,216.19,A versatile denim shorts by PeakForm. Perfect for weekend getaways.,"[""boho"", ""classic"", ""edgy""]",Olive,"[""S"", ""XS"", ""XXL"", ""XL"", ""M""]",4.5,164,2024-06-13 03:12:23,True
PROD-1159,SoleCraft Board Shorts - White,Swimwear,Board Shorts,SoleCraft,149.73,A trendy board shorts by SoleCraft. Perfect for special occasions.,"[""classic"", ""minimalist"", ""preppy"", ""boho""]",White,"[""XXL"", ""XL"", ""XS"", ""L"", ""S""]",4.7,156,2024-05-21 16:39:48,False
PROD-1160,PrismLine Compression Shorts - Black,Activewear,Compression Shorts,PrismLine,286.58,A eco-friendly compression shorts by PrismLine. Perfect for special occasions.,"[""boho"", ""resort"", ""athleisure"", ""casual""]",Black,"[""L"", ""XS"", ""S""]",4.7,129,2024-01-19 13:47:11,True
PROD-1161,NovaStitch Crossbody Bag - Sand,Accessories,Crossbody Bag,NovaStitch,183.04,A trendy crossbody bag by NovaStitch. Perfect for everyday wear.,"[""luxury"", ""resort"", ""streetwear""]",Sand,"[""S"", ""L"", ""XXL""]",3.5,99,2025-05-30 01:04:33,True
PROD-1162,PeakForm Bikini Set - Blush,Swimwear,Bikini Set,PeakForm,28.25,A classic bikini set by PeakForm. Perfect for active lifestyles.,"[""resort"", ""edgy"", ""preppy""]",Blush,"[""S"", ""M"", ""XL"", ""XXL""]",4.4,157,2024-02-23 19:49:29,False
PROD-1163,VerdantCo Beanie - Rust,Accessories,Beanie,VerdantCo,44.55,A premium beanie by VerdantCo. Perfect for special occasions.,"[""retro"", ""preppy"", ""casual""]",Rust,"[""XXL"", ""XL"", ""XS"", ""S""]",3.8,735,2025-07-11 20:40:11,False
PROD-1164,TerraKnit Board Shorts - Teal,Swimwear,Board Shorts,TerraKnit,27.29,A trendy board shorts by TerraKnit. Perfect for active lifestyles.,"[""edgy"", ""boho"", ""athleisure""]",Teal,"[""L"", ""XL"", ""M""]",4.2,790,2024-12-27 14:00:03,False
PROD-1165,NovaStitch Henley - Burgundy,Tops,Henley,NovaStitch,119.34,A classic henley by NovaStitch. Perfect for special occasions.,"[""resort"", ""casual"", ""minimalist"", ""edgy""]",Burgundy,"[""XL"", ""M"", ""XXL"", ""L""]",4.7,33,2025-06-30 07:39:38,False
PROD-1166,NovaStitch High-Top Sneakers - Rust,Shoes,High-Top Sneakers,NovaStitch,45.26,A classic high-top sneakers by NovaStitch. Perfect for everyday wear.,"[""boho"", ""athleisure"", ""preppy"", ""casual""]",Rust,"[""XS"", ""M"", ""S"", ""XXL"", ""L"", ""XL""]",3.5,336,2024-04-02 12:24:26,True
PROD-1167,PrismLine Running Sneakers - Charcoal,Shoes,Running Sneakers,PrismLine,130.76,A versatile running sneakers by PrismLine. Perfect for active lifestyles.,"[""classic"", ""luxury""]",Charcoal,"[""S"", ""L"", ""XL"", ""M""]",3.2,329,2024-09-27 14:44:46,False
PROD-1168,TerraKnit Sports Bra - Navy,Activewear,Sports Bra,TerraKnit,69.75,A eco-friendly sports bra by TerraKnit. Perfect for weekend getaways.,"[""boho"", ""resort"", ""athleisure""]",Navy,"[""S"", ""XL"", ""M""]",3.0,631,2024-12-09 03:34:18,False
PROD-1169,PeakForm Polo - Charcoal,Tops,Polo,PeakForm,67.0,A trendy polo by PeakForm. Perfect for active lifestyles.,"[""streetwear"", ""minimalist"", ""classic"", ""eco-friendly""]",Charcoal,"[""XS"", ""M"", ""S"", ""XXL"", ""XL"", ""L""]",4.8,267,2024-06-16 19:49:18,False
PROD-1170,AuraWear Denim Shorts - Sand,Denim,Denim Shorts,AuraWear,266.89,A premium denim shorts by AuraWear. Perfect for everyday wear.,"[""edgy"", ""preppy""]",Sand,"[""XL"", ""S"", ""XXL"", ""L"", ""XS"", ""M""]",3.7,306,2024-02-01 04:33:43,False
PROD-1171,IronLoom Graphic Tee - Navy,Tops,Graphic Tee,IronLoom,283.7,A versatile graphic tee by IronLoom. Perfect for weekend getaways.,"[""athleisure"", ""streetwear"", ""retro""]",Navy,"[""L"", ""S"", ""XXL""]",5.0,165,2024-03-24 04:42:10,True
PROD-1172,SoleCraft Crossbody Bag - Teal,Accessories,Crossbody Bag,SoleCraft,103.26,A premium crossbody bag by SoleCraft. Perfect for weekend getaways.,"[""resort"", ""retro"", ""boho"", ""eco-friendly""]",Teal,"[""XS"", ""M"", ""XXL"", ""S""]",3.2,94,2025-04-02 13:35:57,False
PROD-1173,CoastalThreads One-Piece Swimsuit - Black,Swimwear,One-Piece Swimsuit,CoastalThreads,101.7,A trendy one-piece swimsuit by CoastalThreads. Perfect for active lifestyles.,"[""athleisure"", ""luxury""]",Black,"[""L"", ""XXL"", ""M"", ""XS"", ""S"", ""XL""]",3.2,384,2025-08-15 13:18:26,False
PROD-1174,VerdantCo Bikini Set - Rust,Swimwear,Bikini Set,VerdantCo,177.98,A trendy bikini set by VerdantCo. Perfect for everyday wear.,"[""boho"", ""minimalist"", ""resort""]",Rust,"[""XL"", ""L"", ""S"", ""M"", ""XS""]",3.3,401,2025-10-12 07:44:05,False
PROD-1175,NovaStitch Cover-Up - Rust,Swimwear,Cover-Up,NovaStitch,160.58,A eco-friendly cover-up by NovaStitch. Perfect for special occasions.,"[""streetwear"", ""edgy"", ""casual""]",Rust,"[""L"", ""S"", ""XL""]",4.8,221,2024-10-26 09:20:57,True
PROD-1176,SoleCraft Maxi Dress - Olive,Dresses,Maxi Dress,SoleCraft,275.02,A trendy maxi dress by SoleCraft. Perfect for everyday wear.,"[""athleisure"", ""eco-friendly"", ""boho"", ""classic""]",Olive,"[""XL"", ""L"", ""M"", ""S"", ""XXL"", ""XS""]",4.8,722,2025-10-13 19:35:31,True
PROD-1177,TerraKnit Loafers - Blush,Shoes,Loafers,TerraKnit,240.0,A versatile loafers by TerraKnit. Perfect for weekend getaways.,"[""streetwear"", ""resort"", ""eco-friendly"", ""luxury""]",Blush,"[""L"", ""XXL"", ""XL"", ""XS"", ""M""]",4.7,287,2025-09-17 23:57:29,True
PROD-1178,SoleCraft Maxi Dress - Charcoal,Dresses,Maxi Dress,SoleCraft,271.16,A versatile maxi dress by SoleCraft. Perfect for active lifestyles.,"[""minimalist"", ""casual"", ""preppy"", ""boho""]",Charcoal,"[""L"", ""XS"", ""S"", ""XL"", ""XXL""]",3.0,766,2025-11-19 08:21:39,False
PROD-1179,SoleCraft Track Jacket - Blush,Activewear,Track Jacket,SoleCraft,275.75,A premium track jacket by SoleCraft. Perfect for active lifestyles.,"[""streetwear"", ""minimalist"", ""preppy"", ""luxury""]",Blush,"[""XL"", ""S"", ""XS""]",3.8,323,2026-02-26 06:41:50,False
PROD-1180,NovaStitch Bootcut Jeans - Olive,Denim,Bootcut Jeans,NovaStitch,147.8,A classic bootcut jeans by NovaStitch. Perfect for active lifestyles.,"[""minimalist"", ""casual""]",Olive,"[""L"", ""XL"", ""XXL"", ""M"", ""XS""]",4.8,702,2024-02-17 11:28:42,True
PROD-1181,AuraWear Cover-Up - Navy,Swimwear,Cover-Up,AuraWear,116.38,A versatile cover-up by AuraWear. Perfect for everyday wear.,"[""eco-friendly"", ""retro"", ""classic""]",Navy,"[""XS"", ""L"", ""XXL"", ""XL"", ""M""]",4.7,231,2024-12-15 16:47:06,False
PROD-1182,PrismLine Windbreaker - Black,Outerwear,Windbreaker,PrismLine,188.31,A versatile windbreaker by PrismLine. Perfect for active lifestyles.,"[""casual"", ""preppy"", ""athleisure"", ""eco-friendly""]",Black,"[""L"", ""XXL"", ""M"", ""S"", ""XL""]",3.0,228,2025-12-25 23:45:47,False
PROD-1183,CoastalThreads Sundress - Black,Dresses,Sundress,CoastalThreads,103.56,A trendy sundress by CoastalThreads. Perfect for active lifestyles.,"[""luxury"", ""classic"", ""retro"", ""boho""]",Black,"[""XXL"", ""M"", ""XL"", ""S"", ""L""]",3.2,197,2024-08-20 21:46:09,False
PROD-1184,TerraKnit Leather Belt - Sand,Accessories,Leather Belt,TerraKnit,203.5,A versatile leather belt by TerraKnit. Perfect for weekend getaways.,"[""classic"", ""luxury"", ""athleisure"", ""casual""]",Sand,"[""L"", ""XS"", ""S"", ""XXL"", ""XL"", ""M""]",5.0,692,2025-07-10 21:44:30,False
PROD-1185,PrismLine Slip-Ons - Navy,Shoes,Slip-Ons,PrismLine,227.45,A eco-friendly slip-ons by PrismLine. Perfect for special occasions.,"[""streetwear"", ""preppy"", ""athleisure""]",Navy,"[""XXL"", ""XS"", ""S"", ""L"", ""XL""]",4.5,767,2025-04-22 00:58:07,False
PROD-1186,VerdantCo Track Jacket - Blush,Activewear,Track Jacket,VerdantCo,35.02,A eco-friendly track jacket by VerdantCo. Perfect for everyday wear.,"[""preppy"", ""streetwear"", ""resort""]",Blush,"[""S"", ""XL"", ""XS"", ""M"", ""XXL"", ""L""]",4.3,428,2024-03-24 23:34:34,False
PROD-1187,NovaStitch Loafers - Charcoal,Shoes,Loafers,NovaStitch,108.58,A trendy loafers by NovaStitch. Perfect for weekend getaways.,"[""eco-friendly"", ""preppy"", ""athleisure""]",Charcoal,"[""XXL"", ""S"", ""M"", ""L"", ""XS""]",4.4,9,2025-12-03 05:45:57,False
PROD-1188,PeakForm High-Top Sneakers - Rust,Shoes,High-Top Sneakers,PeakForm,141.43,A premium high-top sneakers by PeakForm. Perfect for weekend getaways.,"[""athleisure"", ""eco-friendly""]",Rust,"[""XS"", ""XXL"", ""S"", ""M"", ""L"", ""XL""]",3.9,334,2024-10-23 01:12:53,True
PROD-1189,NovaStitch Wide-Leg Jeans - Olive,Denim,Wide-Leg Jeans,NovaStitch,127.38,A classic wide-leg jeans by NovaStitch. Perfect for everyday wear.,"[""classic"", ""boho"", ""athleisure"", ""streetwear""]",Olive,"[""M"", ""XXL"", ""L""]",4.2,750,2025-06-08 19:24:26,False
PROD-1190,AuraWear Ankle Boots - Charcoal,Shoes,Ankle Boots,AuraWear,25.34,A classic ankle boots by AuraWear. Perfect for special occasions.,"[""athleisure"", ""edgy""]",Charcoal,"[""XL"", ""XXL"", ""S""]",3.4,131,2025-07-23 11:31:11,False
PROD-1191,VerdantCo Denim Shorts - Teal,Denim,Denim Shorts,VerdantCo,202.99,A trendy denim shorts by VerdantCo. Perfect for weekend getaways.,"[""casual"", ""eco-friendly"", ""resort"", ""streetwear""]",Teal,"[""L"", ""XS"", ""M"", ""S"", ""XL"", ""XXL""]",3.0,716,2024-01-15 10:53:55,False
PROD-1192,PrismLine Blouse - Burgundy,Tops,Blouse,PrismLine,163.23,A versatile blouse by PrismLine. Perfect for everyday wear.,"[""eco-friendly"", ""athleisure"", ""edgy"", ""streetwear""]",Burgundy,"[""L"", ""S"", ""XL""]",4.2,274,2024-11-09 06:55:17,False
PROD-1193,PeakForm Wrap Dress - Black,Dresses,Wrap Dress,PeakForm,85.65,A trendy wrap dress by PeakForm. Perfect for everyday wear.,"[""preppy"", ""minimalist"", ""resort"", ""classic""]",Black,"[""S"", ""XS"", ""XL"", ""M"", ""L"", ""XXL""]",3.0,664,2024-12-25 02:16:48,False
PROD-1194,AuraWear Bomber Jacket - Black,Outerwear,Bomber Jacket,AuraWear,258.62,A versatile bomber jacket by AuraWear. Perfect for weekend getaways.,"[""athleisure"", ""casual""]",Black,"[""XS"", ""XXL"", ""XL""]",3.7,146,2024-09-21 21:09:30,False
PROD-1195,VerdantCo Cover-Up - White,Swimwear,Cover-Up,VerdantCo,132.21,A versatile cover-up by VerdantCo. Perfect for weekend getaways.,"[""classic"", ""athleisure"", ""streetwear""]",White,"[""L"", ""S"", ""XS"", ""XXL"", ""M"", ""XL""]",4.9,111,2025-10-08 06:38:14,False
PROD-1196,AuraWear Cover-Up - Navy,Swimwear,Cover-Up,AuraWear,261.51,A classic cover-up by AuraWear. Perfect for weekend getaways.,"[""edgy"", ""classic"", ""eco-friendly"", ""casual""]",Navy,"[""XS"", ""L"", ""XL"", ""XXL"", ""M"", ""S""]",4.8,675,2025-05-03 03:38:23,True
PROD-1197,IronLoom Beanie - Teal,Accessories,Beanie,IronLoom,205.27,A versatile beanie by IronLoom. Perfect for weekend getaways.,"[""resort"", ""eco-friendly"", ""streetwear"", ""edgy""]",Teal,"[""XL"", ""XXL"", ""XS"", ""L""]",3.5,663,2024-08-31 18:40:35,False
PROD-1198,PeakForm Rash Guard - White,Swimwear,Rash Guard,PeakForm,291.63,A classic rash guard by PeakForm. Perfect for weekend getaways.,"[""classic"", ""minimalist"", ""resort""]",White,"[""S"", ""XS"", ""L"", ""XXL"", ""M"", ""XL""]",3.1,515,2025-11-25 11:54:27,False
PROD-1199,CoastalThreads Bikini Set - Sand,Swimwear,Bikini Set,CoastalThreads,20.04,A eco-friendly bikini set by CoastalThreads. Perfect for active lifestyles.,"[""casual"", ""retro"", ""luxury""]",Sand,"[""XXL"", ""L"", ""M"", ""S""]",3.2,60,2024-12-12 06:59:22,False
